{
  "buddy_allocation_output": "",
  "datasets": [
    "simplified_calories",
    "simplified_heart_rate_data",
    "simplified_sleep_data"
  ],
  "predictions": [
    {
      "dataset": "simplified_calories",
      "percentage": 38.10267768805644,
      "results": {
        "CatBoost": {
          "mse": 1763445.1826372184,
          "predictions": [
            15272.082218028856,
            15272.082218028856,
            15272.082218028856,
            15272.082218028856,
            15272.082218028856,
            15272.082218028856,
            15272.082218028856
          ]
        },
        "GBR": {
          "mse": 1816419.5408799287,
          "predictions": [
            15181.13504064584,
            15181.13504064584,
            15181.13504064584,
            15181.13504064584,
            15181.13504064584,
            15181.13504064584,
            15181.13504064584
          ]
        },
        "LightGBM": {
          "mse": 1816154.7206882413,
          "predictions": [
            15180.738406896586,
            15180.738406896586,
            15180.738406896586,
            15180.738406896586,
            15180.738406896586,
            15180.738406896586,
            15180.738406896586
          ]
        },
        "XGBoost": {
          "mse": 1815946.375,
          "predictions": [
            15180.00390625,
            15180.00390625,
            15180.00390625,
            15180.00390625,
            15180.00390625,
            15180.00390625,
            15180.00390625
          ]
        }
      },
      "xgb_average": 15180.00390625
    },
    {
      "dataset": "simplified_heart_rate_data",
      "percentage": 54.193595292525046,
      "results": {
        "CatBoost": {
          "mse": 163223536.03604767,
          "predictions": [
            22346.01204091672,
            22346.01204091672,
            22346.01204091672,
            22346.01204091672,
            22346.01204091672,
            22346.01204091672,
            22346.01204091672
          ]
        },
        "GBR": {
          "mse": 168530876.9147977,
          "predictions": [
            22089.563941229597,
            22089.563941229597,
            22089.563941229597,
            22089.563941229597,
            22089.563941229597,
            22089.563941229597,
            22089.563941229597
          ]
        },
        "LightGBM": {
          "mse": 177661926.29526758,
          "predictions": [
            21591.566477378197,
            21591.566477378197,
            21591.566477378197,
            21591.566477378197,
            21591.566477378197,
            21591.566477378197,
            21591.566477378197
          ]
        },
        "XGBoost": {
          "mse": 172869920.0,
          "predictions": [
            21590.58203125,
            21590.58203125,
            21590.58203125,
            21590.58203125,
            21590.58203125,
            21590.58203125,
            21590.58203125
          ]
        }
      },
      "xgb_average": 21590.58203125
    },
    {
      "dataset": "simplified_sleep_data",
      "percentage": 7.7037270194185155,
      "results": {
        "CatBoost": {
          "mse": 1097796.4727841406,
          "predictions": [
            3142.669422015112,
            3142.669422015112,
            3142.669422015112,
            3142.669422015112,
            3142.669422015112,
            3142.669422015112,
            3142.669422015112
          ]
        },
        "GBR": {
          "mse": 1153441.9763258586,
          "predictions": [
            3108.219863800703,
            3108.219863800703,
            3108.219863800703,
            3108.219863800703,
            3108.219863800703,
            3108.219863800703,
            3108.219863800703
          ]
        },
        "LightGBM": {
          "mse": 1198893.336894309,
          "predictions": [
            3069.0752813802656,
            3069.0752813802656,
            3069.0752813802656,
            3069.0752813802656,
            3069.0752813802656,
            3069.0752813802656,
            3069.0752813802656
          ]
        },
        "XGBoost": {
          "mse": 1232209.25,
          "predictions": [
            3069.14404296875,
            3069.14404296875,
            3069.14404296875,
            3069.14404296875,
            3069.14404296875,
            3069.14404296875,
            3069.14404296875
          ]
        }
      },
      "xgb_average": 3069.14404296875
    }
  ]
}